{
    "MetaData": {
        "Name": "yolov3-tiny-ball",
        "AcuityVersion": "2.0",
        "Platform": "tensorflow",
        "Org_Platform": "caffe"
    },
    "Layers": {
        "input_0": {
            "name": "input",
            "op": "input",
            "parameters": {
                "size": "",
                "channels": "1",
                "shape": [
                    0,
                    540,
                    960,
                    3
                ],
                "type": "float32"
            },
            "inputs": [],
            "outputs": [
                "out0"
            ]
        },
        "convolution_0_1": {
            "name": "convolution_0",
            "op": "convolution",
            "parameters": {
                "weights": 16,
                "padding": "VALID",
                "bias": true,
                "group_number": 1,
                "regularize": false,
                "ksize_h": 3,
                "ksize_w": 3,
                "stride_h": 1,
                "stride_w": 1,
                "pad_h": 1,
                "pad_w": 1,
                "dilation": [
                    1,
                    1,
                    1,
                    1
                ],
                "pad_method": "padding_const",
                "pad": [
                    1,
                    1,
                    1,
                    1
                ]
            },
            "inputs": [
                "@input_0:out0"
            ],
            "outputs": [
                "out0"
            ]
        },
        "leakyrelu_0_3": {
            "name": "leakyrelu_0",
            "op": "leakyrelu",
            "parameters": {
                "leaky_ratio": 0.1
            },
            "inputs": [
                "@convolution_0_1:out0"
            ],
            "outputs": [
                "out0"
            ]
        },
        "pooling_1_4": {
            "name": "pooling_1",
            "op": "pooling",
            "parameters": {
                "padding": "VALID",
                "type": "MAX",
                "ksize_h": 2,
                "ksize_w": 2,
                "stride_h": 2,
                "stride_w": 2,
                "pad_h": 0,
                "pad_w": 0,
                "round_type": "floor",
                "pad_method": "padding_const",
                "pad": [
                    0,
                    1,
                    0,
                    1
                ]
            },
            "inputs": [
                "@leakyrelu_0_3:out0"
            ],
            "outputs": [
                "out0"
            ]
        },
        "convolution_2_5": {
            "name": "convolution_2",
            "op": "convolution",
            "parameters": {
                "weights": 32,
                "padding": "VALID",
                "bias": true,
                "group_number": 1,
                "regularize": false,
                "ksize_h": 3,
                "ksize_w": 3,
                "stride_h": 1,
                "stride_w": 1,
                "pad_h": 1,
                "pad_w": 1,
                "dilation": [
                    1,
                    1,
                    1,
                    1
                ],
                "pad_method": "padding_const",
                "pad": [
                    1,
                    1,
                    1,
                    1
                ]
            },
            "inputs": [
                "@pooling_1_4:out0"
            ],
            "outputs": [
                "out0"
            ]
        },
        "leakyrelu_2_7": {
            "name": "leakyrelu_2",
            "op": "leakyrelu",
            "parameters": {
                "leaky_ratio": 0.1
            },
            "inputs": [
                "@convolution_2_5:out0"
            ],
            "outputs": [
                "out0"
            ]
        },
        "pooling_3_8": {
            "name": "pooling_3",
            "op": "pooling",
            "parameters": {
                "padding": "VALID",
                "type": "MAX",
                "ksize_h": 2,
                "ksize_w": 2,
                "stride_h": 2,
                "stride_w": 2,
                "pad_h": 0,
                "pad_w": 0,
                "round_type": "floor",
                "pad_method": "padding_const",
                "pad": [
                    0,
                    1,
                    0,
                    1
                ]
            },
            "inputs": [
                "@leakyrelu_2_7:out0"
            ],
            "outputs": [
                "out0"
            ]
        },
        "convolution_4_9": {
            "name": "convolution_4",
            "op": "convolution",
            "parameters": {
                "weights": 64,
                "padding": "VALID",
                "bias": true,
                "group_number": 1,
                "regularize": false,
                "ksize_h": 3,
                "ksize_w": 3,
                "stride_h": 1,
                "stride_w": 1,
                "pad_h": 1,
                "pad_w": 1,
                "dilation": [
                    1,
                    1,
                    1,
                    1
                ],
                "pad_method": "padding_const",
                "pad": [
                    1,
                    1,
                    1,
                    1
                ]
            },
            "inputs": [
                "@pooling_3_8:out0"
            ],
            "outputs": [
                "out0"
            ]
        },
        "leakyrelu_4_11": {
            "name": "leakyrelu_4",
            "op": "leakyrelu",
            "parameters": {
                "leaky_ratio": 0.1
            },
            "inputs": [
                "@convolution_4_9:out0"
            ],
            "outputs": [
                "out0"
            ]
        },
        "pooling_5_12": {
            "name": "pooling_5",
            "op": "pooling",
            "parameters": {
                "padding": "VALID",
                "type": "MAX",
                "ksize_h": 2,
                "ksize_w": 2,
                "stride_h": 2,
                "stride_w": 2,
                "pad_h": 0,
                "pad_w": 0,
                "round_type": "floor",
                "pad_method": "padding_const",
                "pad": [
                    0,
                    1,
                    0,
                    1
                ]
            },
            "inputs": [
                "@leakyrelu_4_11:out0"
            ],
            "outputs": [
                "out0"
            ]
        },
        "convolution_6_13": {
            "name": "convolution_6",
            "op": "convolution",
            "parameters": {
                "weights": 128,
                "padding": "VALID",
                "bias": true,
                "group_number": 1,
                "regularize": false,
                "ksize_h": 3,
                "ksize_w": 3,
                "stride_h": 1,
                "stride_w": 1,
                "pad_h": 1,
                "pad_w": 1,
                "dilation": [
                    1,
                    1,
                    1,
                    1
                ],
                "pad_method": "padding_const",
                "pad": [
                    1,
                    1,
                    1,
                    1
                ]
            },
            "inputs": [
                "@pooling_5_12:out0"
            ],
            "outputs": [
                "out0"
            ]
        },
        "leakyrelu_6_15": {
            "name": "leakyrelu_6",
            "op": "leakyrelu",
            "parameters": {
                "leaky_ratio": 0.1
            },
            "inputs": [
                "@convolution_6_13:out0"
            ],
            "outputs": [
                "out0"
            ]
        },
        "pooling_7_16": {
            "name": "pooling_7",
            "op": "pooling",
            "parameters": {
                "padding": "VALID",
                "type": "MAX",
                "ksize_h": 2,
                "ksize_w": 2,
                "stride_h": 2,
                "stride_w": 2,
                "pad_h": 0,
                "pad_w": 0,
                "round_type": "floor",
                "pad_method": "padding_const",
                "pad": [
                    0,
                    1,
                    0,
                    1
                ]
            },
            "inputs": [
                "@leakyrelu_6_15:out0"
            ],
            "outputs": [
                "out0"
            ]
        },
        "convolution_8_17": {
            "name": "convolution_8",
            "op": "convolution",
            "parameters": {
                "weights": 256,
                "padding": "VALID",
                "bias": true,
                "group_number": 1,
                "regularize": false,
                "ksize_h": 3,
                "ksize_w": 3,
                "stride_h": 1,
                "stride_w": 1,
                "pad_h": 1,
                "pad_w": 1,
                "dilation": [
                    1,
                    1,
                    1,
                    1
                ],
                "pad_method": "padding_const",
                "pad": [
                    1,
                    1,
                    1,
                    1
                ]
            },
            "inputs": [
                "@pooling_7_16:out0"
            ],
            "outputs": [
                "out0"
            ]
        },
        "leakyrelu_8_19": {
            "name": "leakyrelu_8",
            "op": "leakyrelu",
            "parameters": {
                "leaky_ratio": 0.1
            },
            "inputs": [
                "@convolution_8_17:out0"
            ],
            "outputs": [
                "out0"
            ]
        },
        "pooling_9_20": {
            "name": "pooling_9",
            "op": "pooling",
            "parameters": {
                "padding": "VALID",
                "type": "MAX",
                "ksize_h": 2,
                "ksize_w": 2,
                "stride_h": 2,
                "stride_w": 2,
                "pad_h": 0,
                "pad_w": 0,
                "round_type": "floor",
                "pad_method": "padding_const",
                "pad": [
                    0,
                    1,
                    0,
                    1
                ]
            },
            "inputs": [
                "@leakyrelu_8_19:out0"
            ],
            "outputs": [
                "out0"
            ]
        },
        "convolution_10_21": {
            "name": "convolution_10",
            "op": "convolution",
            "parameters": {
                "weights": 512,
                "padding": "VALID",
                "bias": true,
                "group_number": 1,
                "regularize": false,
                "ksize_h": 3,
                "ksize_w": 3,
                "stride_h": 1,
                "stride_w": 1,
                "pad_h": 1,
                "pad_w": 1,
                "dilation": [
                    1,
                    1,
                    1,
                    1
                ],
                "pad_method": "padding_const",
                "pad": [
                    1,
                    1,
                    1,
                    1
                ]
            },
            "inputs": [
                "@pooling_9_20:out0"
            ],
            "outputs": [
                "out0"
            ]
        },
        "leakyrelu_10_23": {
            "name": "leakyrelu_10",
            "op": "leakyrelu",
            "parameters": {
                "leaky_ratio": 0.1
            },
            "inputs": [
                "@convolution_10_21:out0"
            ],
            "outputs": [
                "out0"
            ]
        },
        "pooling_11_24": {
            "name": "pooling_11",
            "op": "pooling",
            "parameters": {
                "padding": "VALID",
                "type": "MAX",
                "ksize_h": 2,
                "ksize_w": 2,
                "stride_h": 1,
                "stride_w": 1,
                "pad_h": 0,
                "pad_w": 0,
                "round_type": "floor",
                "pad_method": "padding_const",
                "pad": [
                    0,
                    1,
                    0,
                    1
                ]
            },
            "inputs": [
                "@leakyrelu_10_23:out0"
            ],
            "outputs": [
                "out0"
            ]
        },
        "convolution_12_25": {
            "name": "convolution_12",
            "op": "convolution",
            "parameters": {
                "weights": 1024,
                "padding": "VALID",
                "bias": true,
                "group_number": 1,
                "regularize": false,
                "ksize_h": 3,
                "ksize_w": 3,
                "stride_h": 1,
                "stride_w": 1,
                "pad_h": 1,
                "pad_w": 1,
                "dilation": [
                    1,
                    1,
                    1,
                    1
                ],
                "pad_method": "padding_const",
                "pad": [
                    1,
                    1,
                    1,
                    1
                ]
            },
            "inputs": [
                "@pooling_11_24:out0"
            ],
            "outputs": [
                "out0"
            ]
        },
        "leakyrelu_12_27": {
            "name": "leakyrelu_12",
            "op": "leakyrelu",
            "parameters": {
                "leaky_ratio": 0.1
            },
            "inputs": [
                "@convolution_12_25:out0"
            ],
            "outputs": [
                "out0"
            ]
        },
        "convolution_13_28": {
            "name": "convolution_13",
            "op": "convolution",
            "parameters": {
                "weights": 18,
                "padding": "VALID",
                "bias": true,
                "group_number": 1,
                "regularize": false,
                "ksize_h": 1,
                "ksize_w": 1,
                "stride_h": 1,
                "stride_w": 1,
                "pad_h": 0,
                "pad_w": 0,
                "dilation": [
                    1,
                    1,
                    1,
                    1
                ],
                "pad_method": "padding_const",
                "pad": [
                    0,
                    0,
                    0,
                    0
                ]
            },
            "inputs": [
                "@leakyrelu_12_27:out0"
            ],
            "outputs": [
                "out0"
            ]
        },
        "leakyrelu_13_30": {
            "name": "leakyrelu_13",
            "op": "leakyrelu",
            "parameters": {
                "leaky_ratio": 0.1
            },
            "inputs": [
                "@convolution_13_28:out0"
            ],
            "outputs": [
                "out0"
            ]
        },
        "convolution_14_31": {
            "name": "convolution_14",
            "op": "convolution",
            "parameters": {
                "weights": 18,
                "padding": "VALID",
                "bias": true,
                "group_number": 1,
                "regularize": false,
                "ksize_h": 3,
                "ksize_w": 3,
                "stride_h": 1,
                "stride_w": 1,
                "pad_h": 1,
                "pad_w": 1,
                "dilation": [
                    1,
                    1,
                    1,
                    1
                ],
                "pad_method": "padding_const",
                "pad": [
                    1,
                    1,
                    1,
                    1
                ]
            },
            "inputs": [
                "@leakyrelu_13_30:out0"
            ],
            "outputs": [
                "out0"
            ]
        },
        "leakyrelu_14_33": {
            "name": "leakyrelu_14",
            "op": "leakyrelu",
            "parameters": {
                "leaky_ratio": 0.1
            },
            "inputs": [
                "@convolution_14_31:out0"
            ],
            "outputs": [
                "out0"
            ]
        },
        "convolution_15_34": {
            "name": "convolution_15",
            "op": "convolution",
            "parameters": {
                "weights": 18,
                "padding": "VALID",
                "bias": true,
                "group_number": 1,
                "regularize": false,
                "ksize_h": 1,
                "ksize_w": 1,
                "stride_h": 1,
                "stride_w": 1,
                "pad_h": 0,
                "pad_w": 0,
                "dilation": [
                    1,
                    1,
                    1,
                    1
                ],
                "pad_method": "padding_const",
                "pad": [
                    0,
                    0,
                    0,
                    0
                ]
            },
            "inputs": [
                "@leakyrelu_14_33:out0"
            ],
            "outputs": [
                "out0"
            ]
        },
        "output_16_35": {
            "name": "output_16",
            "op": "output",
            "inputs": [
                "@convolution_15_34:out0"
            ],
            "outputs": [
                "out0"
            ]
        },
        "convolution_18_37": {
            "name": "convolution_18",
            "op": "convolution",
            "parameters": {
                "weights": 18,
                "padding": "VALID",
                "bias": true,
                "group_number": 1,
                "regularize": false,
                "ksize_h": 1,
                "ksize_w": 1,
                "stride_h": 1,
                "stride_w": 1,
                "pad_h": 0,
                "pad_w": 0,
                "dilation": [
                    1,
                    1,
                    1,
                    1
                ],
                "pad_method": "padding_const",
                "pad": [
                    0,
                    0,
                    0,
                    0
                ]
            },
            "inputs": [
                "@leakyrelu_13_30:out0"
            ],
            "outputs": [
                "out0"
            ]
        },
        "leakyrelu_18_39": {
            "name": "leakyrelu_18",
            "op": "leakyrelu",
            "parameters": {
                "leaky_ratio": 0.1
            },
            "inputs": [
                "@convolution_18_37:out0"
            ],
            "outputs": [
                "out0"
            ]
        },
        "upsampling_19_40": {
            "name": "upsampling_19",
            "op": "upsampling",
            "parameters": {
                "factor": 2
            },
            "inputs": [
                "@leakyrelu_18_39:out0"
            ],
            "outputs": [
                "out0"
            ]
        },
        "concat_20_41": {
            "name": "concat_20",
            "op": "concat",
            "parameters": {
                "dim": 3
            },
            "inputs": [
                "@upsampling_19_40:out0",
                "@leakyrelu_8_19:out0"
            ],
            "outputs": [
                "out0"
            ]
        },
        "convolution_21_42": {
            "name": "convolution_21",
            "op": "convolution",
            "parameters": {
                "weights": 18,
                "padding": "VALID",
                "bias": true,
                "group_number": 1,
                "regularize": false,
                "ksize_h": 3,
                "ksize_w": 3,
                "stride_h": 1,
                "stride_w": 1,
                "pad_h": 1,
                "pad_w": 1,
                "dilation": [
                    1,
                    1,
                    1,
                    1
                ],
                "pad_method": "padding_const",
                "pad": [
                    1,
                    1,
                    1,
                    1
                ]
            },
            "inputs": [
                "@concat_20_41:out0"
            ],
            "outputs": [
                "out0"
            ]
        },
        "leakyrelu_21_44": {
            "name": "leakyrelu_21",
            "op": "leakyrelu",
            "parameters": {
                "leaky_ratio": 0.1
            },
            "inputs": [
                "@convolution_21_42:out0"
            ],
            "outputs": [
                "out0"
            ]
        },
        "convolution_22_45": {
            "name": "convolution_22",
            "op": "convolution",
            "parameters": {
                "weights": 18,
                "padding": "VALID",
                "bias": true,
                "group_number": 1,
                "regularize": false,
                "ksize_h": 1,
                "ksize_w": 1,
                "stride_h": 1,
                "stride_w": 1,
                "pad_h": 0,
                "pad_w": 0,
                "dilation": [
                    1,
                    1,
                    1,
                    1
                ],
                "pad_method": "padding_const",
                "pad": [
                    0,
                    0,
                    0,
                    0
                ]
            },
            "inputs": [
                "@leakyrelu_21_44:out0"
            ],
            "outputs": [
                "out0"
            ]
        },
        "output_23_46": {
            "name": "output_23",
            "op": "output",
            "inputs": [
                "@convolution_22_45:out0"
            ],
            "outputs": [
                "out0"
            ]
        }
    }
}